Category,Resume
PMO,hr .... management .... automation .... analyst .... manager
Operations Manager,hr .... management .... manager
Automation Testing,java .... testing .... automation .... engineer
Web Designing,java .... html .... css .... javascript .... angular .... management .... sales .... engineer .... developer
Java Developer,java .... javascript .... developer
Sales,hr .... sales .... manager
HR,hr
Java Developer,java .... jsp .... sql .... oracle .... automation .... database .... engineer .... developer
PMO,hr .... management .... sales .... engineer .... manager
Electrical Engineering,management .... testing .... automation .... engineer
Python Developer,python .... numpy .... tensorflow .... sql .... mysql .... database .... engineer .... developer
ETL Developer,sql .... engineer .... developer
Java Developer,java .... spring .... hibernate .... sql .... oracle .... database .... engineer .... developer
Arts,hr .... recruitment .... management .... manager
Arts,....
Network Security Engineer,oracle .... linux .... hr .... management .... engineer .... manager
Operations Manager,sql .... hr .... human resources .... management .... sales .... testing .... database .... engineer .... manager
Java Developer,java .... sql .... mysql .... oracle .... html .... css .... testing .... database .... developer
Sales,sales .... manager
Arts,....
Arts,....
Electrical Engineering,management .... engineer
Database,sql .... hr .... management .... database
DotNet Developer,java .... sql .... html .... css .... javascript .... angular .... management .... developer
Health and fitness,management
Testing,testing .... engineer
Data Science,java .... python .... pandas .... numpy .... machine learning .... deep learning .... data science .... sql .... mysql .... docker .... html .... css .... javascript .... angular .... node .... database .... manager
Civil Engineer,hr .... engineer
Data Science,python .... machine learning .... data science .... html .... hr
ETL Developer,sql .... oracle .... management .... testing .... automation .... engineer .... developer
Arts,hr .... recruitment .... management .... manager
PMO,hr .... management .... automation .... analyst .... manager
Blockchain,java .... spring .... hibernate .... sql .... mysql .... oracle .... html .... css .... javascript .... angular .... react .... node .... management .... blockchain .... database .... engineer .... developer
Testing,engineer
Sales,hr .... sales .... manager
SAP Developer,automation .... sap .... engineer .... developer
Civil Engineer,management .... engineer
HR,hr
Web Designing,java .... sql .... mysql .... html .... css .... javascript .... hr .... database .... developer
ETL Developer,java .... sql .... mysql .... hdfs .... aws .... hr .... management .... testing .... database .... developer
DotNet Developer,java .... sql .... html .... css .... javascript .... management .... testing .... automation .... database .... developer .... manager
DevOps Engineer,java .... devops .... linux .... management .... sales .... testing .... automation .... business analyst .... engineer .... developer .... analyst
ETL Developer,sql .... oracle .... hr .... management .... testing .... business analyst .... database .... developer .... analyst .... manager
Database,sql .... oracle .... hive .... linux .... management .... database .... engineer .... developer
Civil Engineer,hr .... engineer
Advocate,....
Hadoop,python .... sql .... hadoop .... spark .... hdfs .... hive .... html .... node .... management .... testing .... database .... engineer .... developer .... manager
Arts,hr .... management .... automation .... engineer
Automation Testing,java .... python .... sql .... mysql .... oracle .... linux .... html .... javascript .... hr .... management .... testing .... automation .... selenium .... business analyst .... database .... engineer .... developer .... analyst
Hadoop,java .... python .... sql .... mysql .... oracle .... hadoop .... spark .... hdfs .... hive .... aws .... linux .... testing .... database .... developer
PMO,hr .... management .... sales .... engineer .... manager
Electrical Engineering,management .... engineer
Testing,java .... sql .... mysql .... html .... css .... management .... testing .... automation .... sap .... database .... engineer .... developer .... manager
Civil Engineer,engineer
Health and fitness,management
Business Analyst,sql .... hr .... management .... sales .... testing .... automation .... business analyst .... database .... engineer .... developer .... analyst .... manager
Civil Engineer,hr .... management .... testing .... engineer .... manager
Arts,....
DevOps Engineer,python .... sql .... mysql .... oracle .... aws .... azure .... devops .... linux .... html .... hr .... testing .... automation .... database .... engineer
Advocate,aws .... management .... engineer
Business Analyst,sales .... business analyst .... analyst .... manager
DevOps Engineer,java .... python .... sql .... mysql .... aws .... devops .... html .... javascript .... angular .... node .... hr .... management .... database .... manager
PMO,hr .... management .... sales .... engineer .... manager
Blockchain,sql .... mysql .... aws .... docker .... angular .... react .... node .... management .... blockchain .... database .... engineer
Java Developer,java .... spring .... hibernate .... jsp .... servlet .... sql .... mysql .... oracle .... azure .... linux .... html .... javascript .... angular .... sap .... database .... engineer .... developer
Health and fitness,recruitment .... management .... sales .... manager
Web Designing,java .... sql .... mysql .... html .... css .... javascript .... hr .... management .... database .... engineer
DotNet Developer,java .... sql .... html .... css .... javascript .... management .... testing .... automation .... database .... developer .... manager
DevOps Engineer,python .... sql .... mysql .... oracle .... aws .... azure .... devops .... linux .... html .... hr .... testing .... automation .... database .... engineer
Data Science,java .... python .... pandas .... numpy .... tensorflow .... machine learning .... deep learning .... data science .... sql .... mysql .... oracle .... linux .... hr .... automation .... database .... engineer
ETL Developer,sql .... hr .... management .... engineer .... developer .... analyst
Mechanical Engineer,hr .... engineer
ETL Developer,sql .... oracle .... management .... testing .... automation .... engineer .... developer
ETL Developer,sql .... engineer .... developer
DevOps Engineer,java .... spring .... hibernate .... python .... sql .... mysql .... aws .... devops .... html .... css .... javascript .... engineer
Advocate,....
Advocate,....
Database,sql .... oracle .... hive .... linux .... management .... database .... engineer .... developer
Advocate,....
Hadoop,sql .... hadoop .... spark .... hdfs .... hive .... linux .... node .... database .... engineer .... developer
Database,sql .... oracle .... hive .... linux .... node .... management .... sap .... database .... engineer .... developer
Advocate,....
ETL Developer,sql .... oracle .... hr .... management .... testing .... business analyst .... database .... developer .... analyst .... manager
Python Developer,python .... numpy .... sql .... mysql .... spark .... html .... testing .... database .... engineer .... developer
Web Designing,java .... html .... css .... javascript .... angular .... management .... sales .... engineer .... developer
Testing,management .... testing .... engineer .... manager
Mechanical Engineer,hr .... engineer
Business Analyst,management .... testing .... business analyst .... database .... analyst
Testing,management .... testing .... engineer .... manager
Operations Manager,hr .... management .... sales .... testing .... automation .... sap .... database .... engineer .... manager
Business Analyst,sql .... oracle .... hr .... recruitment .... management .... testing .... business analyst .... database .... engineer .... analyst
HR,hr .... management .... database
Health and fitness,....
Sales,sql .... sales .... manager
Health and fitness,hr .... management
Web Designing,java .... sql .... mysql .... html .... css .... javascript .... hr .... database .... developer
Electrical Engineering,hr .... management .... sales .... sap .... engineer
DotNet Developer,sql .... html .... css .... angular .... management .... database .... developer
Arts,....
Web Designing,developer
Testing,management .... testing .... engineer
HR,hr
HR,hr
Python Developer,python .... engineer .... developer
Electrical Engineering,management .... engineer
Health and fitness,hr .... management
Automation Testing,java .... spring .... machine learning .... sql .... html .... javascript .... management .... sales .... testing .... automation .... selenium .... database .... engineer .... developer
Automation Testing,jsp .... servlet .... recruitment .... testing .... automation .... selenium .... engineer
Java Developer,java .... spring .... hibernate .... jsp .... servlet .... sql .... mysql .... oracle .... management .... database .... developer
Mechanical Engineer,hr .... engineer
HR,hr .... management .... database
Network Security Engineer,management .... engineer
Testing,java .... linux .... testing .... automation .... selenium .... database .... engineer
Web Designing,java .... sql .... mysql .... html .... css .... javascript .... hr .... management .... database .... engineer
Business Analyst,sales .... business analyst .... analyst .... manager
Mechanical Engineer,engineer
PMO,hr .... management .... sales .... engineer .... manager
Python Developer,python .... numpy .... tensorflow .... sql .... mysql .... database .... engineer .... developer
Testing,java .... sql .... mysql .... html .... css .... management .... testing .... automation .... sap .... database .... engineer .... developer .... manager
Hadoop,java .... jsp .... python .... machine learning .... sql .... mysql .... oracle .... hadoop .... spark .... hdfs .... hive .... devops .... node .... hr .... management .... testing .... business analyst .... database .... engineer .... developer .... analyst
Web Designing,java .... sql .... mysql .... html .... css .... javascript .... hr .... management .... database .... engineer
Health and fitness,recruitment .... management .... sales .... manager
Sales,management .... sales .... manager
Testing,management .... testing .... engineer .... manager
Python Developer,python .... engineer .... developer
Business Analyst,java .... linux .... html .... javascript .... hr .... management .... sales .... testing .... business analyst .... developer .... analyst
Database,oracle .... devops .... testing .... automation .... database .... engineer
HR,hr .... recruitment .... management .... sales .... developer
Hadoop,java .... jsp .... python .... machine learning .... sql .... mysql .... oracle .... hadoop .... spark .... hdfs .... hive .... devops .... node .... hr .... management .... testing .... business analyst .... database .... engineer .... developer .... analyst
Java Developer,java .... sql .... mysql .... oracle .... html .... css .... testing .... database .... developer
Database,sql .... oracle .... aws .... linux .... hr .... management .... sales .... database .... developer
ETL Developer,java .... sql .... mysql .... hdfs .... aws .... hr .... management .... testing .... database .... developer
Testing,java .... linux .... testing .... automation .... selenium .... database .... engineer
Web Designing,java .... html .... css .... javascript .... angular .... management .... sales .... engineer .... developer
Mechanical Engineer,hr .... engineer
Health and fitness,hr .... management
Java Developer,java .... jsp .... sql .... oracle .... automation .... database .... engineer .... developer
Automation Testing,java .... sql .... oracle .... management .... testing .... automation .... selenium .... database
HR,hr
Civil Engineer,engineer
Testing,engineer
DotNet Developer,java .... sql .... html .... css .... javascript .... developer
Testing,management .... testing .... engineer
Java Developer,java .... spring .... hibernate .... jsp .... servlet .... sql .... mysql .... html .... css .... javascript .... angular .... hr .... management .... sales .... database .... developer
Hadoop,python .... sql .... hadoop .... spark .... hdfs .... hive .... html .... node .... management .... testing .... database .... engineer .... developer .... manager
Data Science,python .... machine learning .... data science .... engineer
HR,hr .... engineer
Java Developer,java .... spring .... hibernate .... jsp .... servlet .... sql .... mysql .... oracle .... management .... database .... developer
Testing,management .... testing .... engineer .... manager
Arts,....
Java Developer,java .... javascript .... developer
Database,sql .... mysql .... oracle .... linux .... recruitment .... management .... database
Blockchain,sql .... mysql .... aws .... docker .... angular .... react .... node .... management .... blockchain .... database .... engineer
Operations Manager,hr .... management .... manager
Blockchain,java .... machine learning .... data science .... angular .... react .... node .... hr .... sales .... blockchain .... engineer .... developer
Mechanical Engineer,engineer
Python Developer,python .... numpy .... tensorflow .... sql .... mysql .... database .... engineer .... developer
HR,hr .... engineer
Advocate,....
Mechanical Engineer,engineer
Hadoop,sql .... hadoop .... spark .... hdfs .... hive .... linux .... node .... database .... engineer .... developer
HR,hr
Java Developer,java .... jsp .... sql .... oracle .... automation .... database .... engineer .... developer
Web Designing,developer
Data Science,java .... python .... pandas .... numpy .... tensorflow .... machine learning .... deep learning .... data science .... sql .... mysql .... oracle .... linux .... hr .... automation .... database .... engineer
DevOps Engineer,java .... devops .... linux .... management .... sales .... testing .... automation .... business analyst .... engineer .... developer .... analyst
Business Analyst,management .... testing .... business analyst .... database .... analyst
Operations Manager,hr .... recruitment .... management .... sales .... database .... manager
Java Developer,java .... sql .... mysql .... oracle .... html .... css .... testing .... database .... developer
Hadoop,java .... python .... sql .... mysql .... oracle .... hadoop .... spark .... hdfs .... hive .... aws .... linux .... testing .... database .... developer
Network Security Engineer,management .... engineer
SAP Developer,spring .... testing .... sap .... developer
Arts,....
PMO,hr .... recruitment .... management .... sap .... database .... manager
Java Developer,java .... javascript .... developer
Java Developer,java .... hibernate .... javascript .... developer
Automation Testing,java .... python .... sql .... mysql .... oracle .... linux .... html .... javascript .... hr .... management .... testing .... automation .... selenium .... business analyst .... database .... engineer .... developer .... analyst
Business Analyst,java .... linux .... html .... javascript .... hr .... management .... sales .... testing .... business analyst .... developer .... analyst
Business Analyst,sql .... hr .... management .... sales .... testing .... automation .... business analyst .... database .... engineer .... developer .... analyst .... manager
Hadoop,java .... jsp .... python .... machine learning .... sql .... mysql .... oracle .... hadoop .... spark .... hdfs .... hive .... devops .... node .... hr .... management .... testing .... business analyst .... database .... engineer .... developer .... analyst
Mechanical Engineer,engineer
Sales,management .... sales .... manager
Web Designing,java .... sql .... mysql .... html .... css .... javascript .... hr .... database .... developer
Web Designing,java .... sql .... mysql .... html .... css .... javascript .... hr .... database .... developer
Operations Manager,hr .... management .... manager
Business Analyst,java .... linux .... html .... javascript .... hr .... management .... sales .... testing .... business analyst .... developer .... analyst
HR,hr .... engineer
Python Developer,python .... sql .... mysql .... oracle .... html .... css .... management .... testing .... database .... developer
Blockchain,java .... machine learning .... data science .... angular .... react .... node .... hr .... sales .... blockchain .... engineer .... developer
Web Designing,java .... html .... css .... javascript .... angular .... management .... sales .... engineer .... developer
Arts,....
Database,sql .... oracle .... hive .... linux .... hr .... management .... sales .... testing .... database .... developer .... manager
Network Security Engineer,hr .... management .... engineer
Data Science,python .... machine learning .... deep learning .... data science .... sql .... hr .... management .... sales .... testing .... sap .... database .... engineer .... developer
Civil Engineer,hr .... management .... testing .... engineer .... manager
HR,java .... hr .... management .... database .... engineer
Operations Manager,sql .... hr .... human resources .... management .... sales .... testing .... database .... engineer .... manager
Health and fitness,recruitment .... management .... sales .... manager
Network Security Engineer,python .... management .... engineer .... analyst .... manager
Hadoop,python .... sql .... hadoop .... spark .... hdfs .... hive .... html .... node .... management .... testing .... database .... engineer .... developer .... manager
Java Developer,java .... spring .... hibernate .... jsp .... servlet .... sql .... mysql .... oracle .... azure .... linux .... html .... javascript .... angular .... sap .... database .... engineer .... developer
Electrical Engineering,engineer
Python Developer,java .... python .... numpy .... data science .... sql .... mysql .... html .... css .... angular .... hr .... testing .... database .... developer
Civil Engineer,hr .... management .... engineer
SAP Developer,java .... python .... sql .... oracle .... hr .... testing .... sap .... database .... engineer .... developer .... manager
Operations Manager,sql .... hr .... human resources .... management .... sales .... testing .... database .... engineer .... manager
DevOps Engineer,java .... spring .... hibernate .... python .... sql .... mysql .... aws .... devops .... html .... css .... javascript .... engineer
Python Developer,python .... numpy .... sql .... mysql .... spark .... html .... testing .... database .... engineer .... developer
Java Developer,java .... spring .... hibernate .... sql .... oracle .... database .... engineer .... developer
Mechanical Engineer,engineer
Arts,....
SAP Developer,java .... python .... sql .... oracle .... hr .... testing .... sap .... database .... engineer .... developer .... manager
Electrical Engineering,management .... testing .... automation .... engineer
Data Science,java .... python .... machine learning .... deep learning .... data science .... sql .... mysql .... linux .... engineer
Network Security Engineer,python .... management .... engineer .... analyst .... manager
Java Developer,java .... sql .... oracle .... linux .... database .... engineer .... developer
Web Designing,developer
Arts,hr .... management .... automation .... engineer
Business Analyst,sql .... oracle .... hr .... recruitment .... management .... testing .... business analyst .... database .... engineer .... analyst
Arts,hr .... management .... automation .... engineer
HR,java .... hr .... management .... database .... engineer
DevOps Engineer,java .... spring .... hibernate .... python .... sql .... mysql .... aws .... devops .... html .... css .... javascript .... engineer
Operations Manager,hr .... recruitment .... management .... sales .... database .... manager
Java Developer,java .... spring .... hibernate .... jsp .... servlet .... javascript .... developer
Data Science,python .... machine learning .... data science .... engineer
HR,hr .... management .... database
Electrical Engineering,management .... testing .... automation .... engineer
PMO,hr .... recruitment .... management .... sap .... database .... manager
HR,hr .... engineer
Data Science,python .... machine learning .... deep learning .... data science .... sql .... hr .... management .... sales .... testing .... sap .... database .... engineer .... developer
Python Developer,python .... sql .... mysql .... oracle .... html .... css .... management .... testing .... database .... developer
Hadoop,java .... python .... sql .... mysql .... oracle .... hadoop .... spark .... hdfs .... hive .... aws .... linux .... testing .... database .... developer
Java Developer,java .... sql .... mysql .... oracle .... html .... css .... testing .... database .... developer
Java Developer,java .... spring .... hibernate .... jsp .... servlet .... sql .... html .... css .... database .... developer
Web Designing,java .... html .... css .... javascript .... angular .... management .... sales .... engineer .... developer
Operations Manager,sql .... hr .... human resources .... management .... sales .... testing .... database .... engineer .... manager
Operations Manager,hr .... management .... manager
SAP Developer,hr .... management .... sales .... sap .... developer .... analyst
Testing,engineer
Operations Manager,hr .... management .... sales .... testing .... automation .... sap .... database .... engineer .... manager
Java Developer,java .... spring .... hibernate .... jsp .... servlet .... sql .... mysql .... html .... css .... javascript .... angular .... hr .... management .... sales .... database .... developer
SAP Developer,sql .... sap .... developer
HR,hr
Hadoop,java .... sql .... mysql .... oracle .... hadoop .... spark .... hdfs .... hive .... linux .... hr .... database .... developer
Data Science,python .... machine learning .... data science .... hadoop .... spark .... hive .... aws .... selenium .... database
Mechanical Engineer,engineer
Web Designing,java .... html .... css .... javascript .... angular .... management .... sales .... engineer .... developer
Electrical Engineering,hr .... management .... sales .... sap .... engineer
Health and fitness,recruitment .... management .... sales .... manager
Arts,....
Electrical Engineering,testing .... engineer
Automation Testing,java .... testing .... automation .... engineer
Blockchain,java .... spring .... hibernate .... sql .... mysql .... oracle .... html .... css .... javascript .... angular .... react .... node .... management .... blockchain .... database .... engineer .... developer
HR,hr
DevOps Engineer,python .... sql .... mysql .... oracle .... aws .... azure .... devops .... linux .... html .... hr .... testing .... automation .... database .... engineer
Web Designing,java .... sql .... mysql .... html .... css .... javascript .... hr .... database .... developer
Java Developer,java .... spring .... hibernate .... jsp .... servlet .... javascript .... developer
DevOps Engineer,java .... spring .... hibernate .... python .... sql .... mysql .... aws .... devops .... html .... css .... javascript .... engineer
DevOps Engineer,java .... spring .... hibernate .... python .... sql .... mysql .... aws .... devops .... html .... css .... javascript .... engineer
ETL Developer,sql .... hr .... management .... engineer .... developer .... analyst
Web Designing,java .... sql .... mysql .... html .... css .... javascript .... hr .... management .... database .... engineer
Blockchain,jsp .... blockchain .... engineer .... developer
Testing,management .... testing .... engineer
DotNet Developer,java .... sql .... html .... css .... javascript .... database .... developer
Civil Engineer,hr .... engineer
Blockchain,java .... python .... sql .... mysql .... html .... css .... hr .... management .... sales .... blockchain .... database .... engineer .... developer
Web Designing,java .... html .... css .... javascript .... angular .... management .... sales .... engineer .... developer
Mechanical Engineer,hr .... management .... sales .... automation .... database .... engineer .... manager
Arts,....
Business Analyst,java .... html .... management .... business analyst .... analyst
Electrical Engineering,management .... testing .... automation .... engineer
Network Security Engineer,management .... engineer
Automation Testing,jsp .... servlet .... recruitment .... testing .... automation .... selenium .... engineer
Electrical Engineering,hr .... management .... sales .... sap .... engineer
DotNet Developer,java .... sql .... html .... css .... javascript .... database .... developer
Mechanical Engineer,engineer
PMO,hr .... recruitment .... management .... sap .... database .... manager
Automation Testing,java .... python .... sql .... mysql .... oracle .... linux .... html .... javascript .... hr .... management .... testing .... automation .... selenium .... business analyst .... database .... engineer .... developer .... analyst
Hadoop,java .... python .... sql .... oracle .... hadoop .... spark .... hdfs .... hive .... aws .... azure .... html .... css .... javascript .... database .... engineer .... developer
ETL Developer,sql .... engineer .... developer
Civil Engineer,hr .... engineer
Web Designing,java .... html .... css .... javascript .... angular .... management .... sales .... engineer .... developer
Data Science,python .... machine learning .... deep learning .... data science .... sql .... hr .... management .... sales .... testing .... sap .... database .... engineer .... developer
Java Developer,java .... spring .... hibernate .... sql .... linux .... angular .... management .... testing .... database .... engineer .... developer
Blockchain,java .... python .... sql .... mysql .... html .... css .... hr .... management .... sales .... blockchain .... database .... engineer .... developer
Data Science,python .... machine learning .... data science .... hadoop .... spark .... hive .... aws .... selenium .... database
Operations Manager,sql .... hr .... human resources .... management .... sales .... testing .... database .... engineer .... manager
Hadoop,java .... python .... sql .... oracle .... hadoop .... spark .... hdfs .... hive .... aws .... azure .... html .... css .... javascript .... database .... engineer .... developer
Web Designing,developer
DotNet Developer,developer
ETL Developer,java .... sql .... mysql .... hdfs .... aws .... hr .... management .... testing .... database .... developer
PMO,hr .... management .... automation .... analyst .... manager
DotNet Developer,java .... sql .... html .... css .... javascript .... developer
Health and fitness,....
Arts,....
Civil Engineer,hr .... management .... engineer
Hadoop,java .... jsp .... python .... machine learning .... sql .... mysql .... oracle .... hadoop .... spark .... hdfs .... hive .... devops .... node .... hr .... management .... testing .... business analyst .... database .... engineer .... developer .... analyst
Web Designing,java .... html .... css .... javascript .... angular .... management .... sales .... engineer .... developer
Network Security Engineer,python .... management .... engineer .... analyst .... manager
Operations Manager,sql .... hr .... human resources .... management .... sales .... testing .... database .... engineer .... manager
Java Developer,java .... hibernate .... javascript .... developer
Arts,hr .... management .... automation .... engineer
Mechanical Engineer,hr .... management .... sales .... automation .... database .... engineer .... manager
Python Developer,python .... sql .... mysql .... oracle .... html .... css .... management .... testing .... database .... developer
Java Developer,java .... spring .... hibernate .... jsp .... servlet .... sql .... mysql .... html .... css .... javascript .... angular .... hr .... management .... sales .... database .... developer
Web Designing,java .... html .... css .... javascript .... angular .... management .... sales .... engineer .... developer
Operations Manager,hr .... recruitment .... management .... sales .... database .... manager
Arts,....
Electrical Engineering,engineer
Testing,testing .... engineer
DotNet Developer,java .... sql .... html .... css .... javascript .... management .... testing .... automation .... database .... developer .... manager
DevOps Engineer,java .... devops .... linux .... management .... sales .... testing .... automation .... business analyst .... engineer .... developer .... analyst
Blockchain,sql .... mysql .... aws .... docker .... angular .... react .... node .... management .... blockchain .... database .... engineer
Electrical Engineering,testing .... engineer
Blockchain,java .... python .... sql .... mysql .... html .... css .... hr .... management .... sales .... blockchain .... database .... engineer .... developer
Mechanical Engineer,engineer
DotNet Developer,java .... sql .... html .... javascript .... angular .... hr .... management .... testing .... database .... developer .... manager
Web Designing,java .... sql .... mysql .... html .... css .... javascript .... hr .... database .... developer
Operations Manager,hr .... management .... sales .... testing .... automation .... sap .... database .... engineer .... manager
Testing,testing .... engineer
Sales,management .... sales .... manager
Python Developer,python .... engineer .... developer
Testing,management .... testing .... engineer
DevOps Engineer,python .... sql .... oracle .... devops .... hr .... management .... sales .... testing .... automation .... selenium .... engineer .... manager
Arts,....
DevOps Engineer,java .... devops .... linux .... management .... sales .... testing .... automation .... business analyst .... engineer .... developer .... analyst
Database,sql .... oracle .... hive .... linux .... hr .... management .... sales .... testing .... database .... developer .... manager
Hadoop,java .... python .... sql .... oracle .... hadoop .... spark .... hdfs .... hive .... aws .... azure .... html .... css .... javascript .... database .... engineer .... developer
PMO,hr .... management .... sales .... engineer .... manager
DevOps Engineer,java .... devops .... linux .... management .... sales .... testing .... automation .... business analyst .... engineer .... developer .... analyst
Automation Testing,jsp .... servlet .... recruitment .... testing .... automation .... selenium .... engineer
ETL Developer,sql .... oracle .... management .... testing .... automation .... engineer .... developer
Automation Testing,hr .... testing .... automation .... selenium .... engineer .... developer
Operations Manager,hr .... management .... sales .... testing .... automation .... sap .... database .... engineer .... manager
Testing,java .... linux .... testing .... automation .... selenium .... database .... engineer
Mechanical Engineer,engineer
DevOps Engineer,sql .... devops .... management .... testing .... automation .... selenium .... engineer .... manager
Python Developer,java .... python .... numpy .... data science .... sql .... mysql .... html .... css .... angular .... hr .... testing .... database .... developer
Sales,hr .... management .... sales .... manager
Mechanical Engineer,hr .... management .... sales .... automation .... database .... engineer .... manager
Sales,hr .... management .... sales .... manager
PMO,hr .... recruitment .... management .... sap .... database .... manager
SAP Developer,hr .... management .... sales .... sap .... developer .... analyst
Data Science,python .... pandas .... numpy .... machine learning .... deep learning .... data science .... sql .... mysql .... html .... css .... selenium .... engineer
Business Analyst,java .... html .... management .... business analyst .... analyst
Arts,hr .... recruitment .... management .... manager
DevOps Engineer,python .... sql .... mysql .... oracle .... aws .... azure .... devops .... linux .... html .... hr .... testing .... automation .... database .... engineer
Testing,java .... linux .... testing .... automation .... selenium .... database .... engineer
Java Developer,java .... sql .... oracle .... linux .... database .... engineer .... developer
Advocate,....
Electrical Engineering,management .... engineer
Hadoop,java .... sql .... mysql .... oracle .... hadoop .... spark .... hdfs .... hive .... linux .... hr .... database .... developer
Blockchain,java .... spring .... hibernate .... sql .... mysql .... oracle .... html .... css .... javascript .... angular .... react .... node .... management .... blockchain .... database .... engineer .... developer
Arts,....
Testing,testing .... engineer
DevOps Engineer,java .... spring .... hibernate .... python .... sql .... mysql .... aws .... devops .... html .... css .... javascript .... engineer
Data Science,python .... machine learning .... data science .... hadoop .... spark .... hive .... aws .... selenium .... database
Web Designing,java .... html .... css .... javascript .... angular .... management .... sales .... engineer .... developer
Health and fitness,....
Testing,java .... linux .... testing .... automation .... selenium .... database .... engineer
Arts,....
Java Developer,java .... spring .... hibernate .... jsp .... servlet .... sql .... mysql .... oracle .... management .... database .... developer
DevOps Engineer,java .... devops .... linux .... management .... sales .... testing .... automation .... business analyst .... engineer .... developer .... analyst
PMO,hr .... management .... automation .... analyst .... manager
Testing,management .... testing .... engineer
Python Developer,python .... sql .... mysql .... oracle .... html .... css .... management .... testing .... database .... developer
DevOps Engineer,java .... spring .... hibernate .... python .... sql .... mysql .... aws .... devops .... html .... css .... javascript .... engineer
Hadoop,java .... python .... sql .... mysql .... oracle .... hadoop .... spark .... hdfs .... hive .... aws .... linux .... testing .... database .... developer
Java Developer,java .... hibernate .... javascript .... developer
Web Designing,developer
Sales,hr .... management .... sales .... manager
Blockchain,java .... spring .... hibernate .... sql .... mysql .... oracle .... html .... css .... javascript .... angular .... react .... node .... management .... blockchain .... database .... engineer .... developer
Mechanical Engineer,hr .... management .... sales .... automation .... database .... engineer .... manager
Database,java .... sql .... oracle .... azure .... hr .... management .... automation .... database .... manager
Testing,java .... sql .... mysql .... html .... css .... management .... testing .... automation .... sap .... database .... engineer .... developer .... manager
HR,hr
ETL Developer,sql .... engineer .... developer
Python Developer,python .... engineer .... developer
Web Designing,java .... sql .... mysql .... html .... css .... javascript .... hr .... database .... developer
ETL Developer,java .... sql .... mysql .... hdfs .... aws .... hr .... management .... testing .... database .... developer
Mechanical Engineer,engineer
Java Developer,java .... spring .... hibernate .... jsp .... servlet .... sql .... mysql .... oracle .... management .... database .... developer
DotNet Developer,sql .... html .... css .... angular .... management .... database .... developer
DotNet Developer,java .... sql .... html .... javascript .... angular .... hr .... management .... testing .... database .... developer .... manager
DevOps Engineer,python .... sql .... mysql .... oracle .... aws .... azure .... devops .... linux .... html .... hr .... testing .... automation .... database .... engineer
Sales,sales .... manager
Automation Testing,java .... python .... sql .... mysql .... oracle .... linux .... html .... javascript .... hr .... management .... testing .... automation .... selenium .... business analyst .... database .... engineer .... developer .... analyst
Data Science,java .... python .... pandas .... numpy .... tensorflow .... machine learning .... deep learning .... data science .... sql .... mysql .... oracle .... linux .... hr .... automation .... database .... engineer
Python Developer,java .... python .... numpy .... data science .... sql .... mysql .... html .... css .... angular .... hr .... testing .... database .... developer
HR,hr
Java Developer,java .... spring .... hibernate .... jsp .... servlet .... sql .... mysql .... html .... css .... javascript .... testing .... database .... developer
Business Analyst,sql .... hr .... management .... sales .... testing .... automation .... business analyst .... database .... engineer .... developer .... analyst .... manager
Testing,java .... sql .... mysql .... html .... css .... management .... testing .... automation .... sap .... database .... engineer .... developer .... manager
Mechanical Engineer,engineer
Civil Engineer,engineer
Blockchain,java .... spring .... hibernate .... sql .... mysql .... oracle .... html .... css .... javascript .... angular .... react .... node .... management .... blockchain .... database .... engineer .... developer
ETL Developer,sql .... engineer .... developer
Network Security Engineer,python .... management .... engineer .... analyst .... manager
Database,sql .... mysql .... linux .... management .... database
Hadoop,java .... sql .... mysql .... oracle .... hadoop .... spark .... hdfs .... hive .... linux .... html .... hr .... testing .... database .... developer .... manager
Database,sql .... mysql .... oracle .... linux .... recruitment .... management .... database
Testing,management .... testing .... engineer .... manager
DotNet Developer,java .... sql .... html .... javascript .... angular .... hr .... management .... testing .... database .... developer .... manager
Testing,management .... testing .... engineer .... manager
Python Developer,python .... numpy .... sql .... mysql .... spark .... html .... testing .... database .... engineer .... developer
Testing,management .... testing .... engineer .... manager
Network Security Engineer,hr .... management .... engineer
Testing,java .... sql .... mysql .... html .... css .... management .... testing .... automation .... sap .... database .... engineer .... developer .... manager
Python Developer,python .... numpy .... sql .... mysql .... spark .... html .... testing .... database .... engineer .... developer
Java Developer,java .... spring .... hibernate .... jsp .... servlet .... sql .... html .... css .... database .... developer
Automation Testing,java .... python .... sql .... mysql .... oracle .... linux .... html .... javascript .... hr .... management .... testing .... automation .... selenium .... business analyst .... database .... engineer .... developer .... analyst
SAP Developer,sql .... sap .... developer
Mechanical Engineer,engineer
DevOps Engineer,python .... sql .... mysql .... oracle .... aws .... azure .... devops .... linux .... html .... hr .... testing .... automation .... database .... engineer
Mechanical Engineer,engineer
Operations Manager,hr .... recruitment .... management .... sales .... database .... manager
Sales,sql .... sales .... manager
Network Security Engineer,oracle .... linux .... hr .... management .... engineer .... manager
Automation Testing,java .... python .... sql .... mysql .... oracle .... linux .... html .... javascript .... hr .... management .... testing .... automation .... selenium .... business analyst .... database .... engineer .... developer .... analyst
Testing,management .... testing .... engineer
Mechanical Engineer,hr .... management .... sales .... automation .... database .... engineer .... manager
Java Developer,java .... spring .... hibernate .... jsp .... servlet .... sql .... mysql .... oracle .... azure .... linux .... html .... javascript .... angular .... sap .... database .... engineer .... developer
Operations Manager,sql .... hr .... human resources .... management .... sales .... testing .... database .... engineer .... manager
SAP Developer,sql .... management .... sales .... testing .... sap .... developer
HR,hr .... recruitment .... management .... sales .... developer
Advocate,hr .... management
Electrical Engineering,testing .... engineer
Automation Testing,jsp .... servlet .... recruitment .... testing .... automation .... selenium .... engineer
Operations Manager,hr .... management .... manager
Automation Testing,java .... python .... sql .... mysql .... oracle .... linux .... html .... javascript .... hr .... management .... testing .... automation .... selenium .... business analyst .... database .... engineer .... developer .... analyst
Electrical Engineering,management .... engineer
Mechanical Engineer,engineer
Data Science,java .... python .... data science .... management .... database
Sales,management .... sales .... manager
Testing,management .... testing .... engineer
Python Developer,java .... python .... pandas .... numpy .... sql .... mysql .... html .... hr .... management .... developer .... analyst
Hadoop,java .... jsp .... python .... machine learning .... sql .... mysql .... oracle .... hadoop .... spark .... hdfs .... hive .... devops .... node .... hr .... management .... testing .... business analyst .... database .... engineer .... developer .... analyst
Python Developer,python .... sql .... mysql .... oracle .... html .... css .... management .... testing .... database .... developer
HR,hr
SAP Developer,hr .... management .... sales .... sap .... developer .... analyst
Health and fitness,....
PMO,hr .... management .... sales .... engineer .... manager
DevOps Engineer,java .... spring .... hibernate .... python .... sql .... mysql .... aws .... devops .... html .... css .... javascript .... engineer
Web Designing,java .... sql .... mysql .... html .... css .... javascript .... hr .... management .... database .... engineer
HR,hr
Business Analyst,sales .... business analyst .... analyst .... manager
HR,hr
ETL Developer,sql .... engineer .... developer
Database,sql .... oracle .... aws .... linux .... hr .... management .... sales .... database .... developer
Database,sql .... oracle .... aws .... linux .... hr .... management .... sales .... database .... developer
Business Analyst,java .... linux .... html .... javascript .... hr .... management .... sales .... testing .... business analyst .... developer .... analyst
HR,hr .... engineer
Web Designing,java .... html .... css .... javascript .... angular .... management .... sales .... engineer .... developer
Business Analyst,sales .... business analyst .... analyst .... manager
ETL Developer,java .... sql .... mysql .... hdfs .... aws .... hr .... management .... testing .... database .... developer
Java Developer,java .... spring .... hibernate .... sql .... oracle .... database .... engineer .... developer
DevOps Engineer,java .... devops .... linux .... management .... sales .... testing .... automation .... business analyst .... engineer .... developer .... analyst
Testing,management .... testing .... engineer
Java Developer,java .... spring .... hibernate .... jsp .... servlet .... sql .... mysql .... oracle .... azure .... linux .... html .... javascript .... angular .... sap .... database .... engineer .... developer
Web Designing,java .... sql .... mysql .... html .... css .... javascript .... hr .... database .... developer
Testing,management .... testing .... engineer
Hadoop,python .... sql .... hadoop .... spark .... hdfs .... hive .... html .... node .... management .... testing .... database .... engineer .... developer .... manager
Java Developer,java .... spring .... hibernate .... jsp .... servlet .... sql .... mysql .... oracle .... azure .... linux .... html .... javascript .... angular .... sap .... database .... engineer .... developer
Hadoop,java .... sql .... mysql .... oracle .... hadoop .... spark .... hdfs .... hive .... linux .... hr .... database .... developer
Blockchain,jsp .... blockchain .... engineer .... developer
Web Designing,java .... sql .... mysql .... html .... css .... javascript .... hr .... management .... database .... engineer
PMO,hr .... recruitment .... management .... sap .... database .... manager
Civil Engineer,management .... engineer
Hadoop,java .... sql .... mysql .... oracle .... hadoop .... spark .... hdfs .... hive .... linux .... hr .... database .... developer
Automation Testing,jsp .... servlet .... recruitment .... testing .... automation .... selenium .... engineer
Sales,hr .... management .... sales .... manager
ETL Developer,sql .... oracle .... hr .... management .... testing .... business analyst .... database .... developer .... analyst .... manager
ETL Developer,java .... sql .... mysql .... hdfs .... aws .... hr .... management .... testing .... database .... developer
Web Designing,java .... sql .... mysql .... html .... css .... javascript .... hr .... database .... developer
Sales,hr .... management .... sales .... manager
Data Science,java .... python .... machine learning .... deep learning .... data science .... sql .... mysql .... linux .... engineer
Mechanical Engineer,engineer
Database,oracle .... devops .... testing .... automation .... database .... engineer
Sales,sql .... sales .... manager
DotNet Developer,java .... sql .... html .... css .... javascript .... database .... developer
Civil Engineer,engineer
Python Developer,python .... sql .... mysql .... oracle .... html .... css .... management .... testing .... database .... developer
Health and fitness,recruitment .... management .... sales .... manager
Business Analyst,java .... linux .... html .... javascript .... hr .... management .... sales .... testing .... business analyst .... developer .... analyst
ETL Developer,sql .... oracle .... management .... testing .... automation .... engineer .... developer
HR,hr .... recruitment .... management .... sales .... developer
Python Developer,java .... python .... pandas .... numpy .... sql .... mysql .... html .... hr .... management .... developer .... analyst
DevOps Engineer,java .... spring .... hibernate .... python .... sql .... mysql .... aws .... devops .... html .... css .... javascript .... engineer
Health and fitness,hr .... management .... sales .... manager
Advocate,hr .... management
Python Developer,python .... engineer .... developer
DevOps Engineer,java .... spring .... hibernate .... python .... sql .... mysql .... aws .... devops .... html .... css .... javascript .... engineer
Testing,management .... testing .... engineer
Automation Testing,html .... hr .... management .... sales .... testing .... automation .... selenium .... database .... engineer .... developer
Mechanical Engineer,hr .... engineer
Java Developer,java .... spring .... hibernate .... jsp .... servlet .... sql .... mysql .... html .... css .... javascript .... testing .... database .... developer
Testing,java .... sql .... mysql .... html .... css .... management .... testing .... automation .... sap .... database .... engineer .... developer .... manager
Network Security Engineer,oracle .... linux .... hr .... management .... engineer .... manager
SAP Developer,automation .... sap .... engineer .... developer
Blockchain,java .... python .... sql .... mysql .... html .... css .... hr .... management .... sales .... blockchain .... database .... engineer .... developer
Testing,engineer
Database,oracle .... devops .... testing .... automation .... database .... engineer
HR,hr .... engineer
ETL Developer,sql .... engineer .... developer
Database,sql .... mysql .... linux .... management .... database
ETL Developer,sql .... hr .... management .... engineer .... developer .... analyst
ETL Developer,sql .... hr .... management .... engineer .... developer .... analyst
Operations Manager,hr .... management .... sales .... testing .... automation .... sap .... database .... engineer .... manager
Blockchain,java .... spring .... hibernate .... sql .... mysql .... oracle .... html .... css .... javascript .... angular .... react .... node .... management .... blockchain .... database .... engineer .... developer
Testing,java .... linux .... testing .... automation .... selenium .... database .... engineer
Python Developer,java .... python .... numpy .... data science .... sql .... mysql .... html .... css .... angular .... hr .... testing .... database .... developer
Database,python .... machine learning .... data science .... sql .... oracle .... linux .... hr .... database
Business Analyst,sql .... hr .... management .... sales .... testing .... automation .... business analyst .... database .... engineer .... developer .... analyst .... manager
SAP Developer,java .... python .... sql .... oracle .... hr .... testing .... sap .... database .... engineer .... developer .... manager
PMO,hr .... management .... sales .... engineer .... manager
DotNet Developer,developer
Python Developer,java .... python .... numpy .... data science .... sql .... mysql .... html .... css .... angular .... hr .... testing .... database .... developer
Java Developer,java .... javascript .... developer
DotNet Developer,java .... sql .... html .... css .... javascript .... developer
Network Security Engineer,oracle .... linux .... hr .... management .... engineer .... manager
ETL Developer,java .... sql .... mysql .... hdfs .... aws .... hr .... management .... testing .... database .... developer
Advocate,....
Web Designing,developer
HR,hr .... engineer
ETL Developer,sql .... oracle .... hr .... management .... testing .... business analyst .... database .... developer .... analyst .... manager
Database,java .... sql .... oracle .... azure .... hr .... management .... automation .... database .... manager
Testing,engineer
PMO,hr .... management .... automation .... analyst .... manager
Testing,engineer
PMO,hr .... recruitment .... management .... sap .... database .... manager
DevOps Engineer,java .... devops .... linux .... management .... sales .... testing .... automation .... business analyst .... engineer .... developer .... analyst
Arts,....
Java Developer,java .... hibernate .... javascript .... developer
Java Developer,java .... spring .... hibernate .... jsp .... servlet .... sql .... html .... css .... database .... developer
SAP Developer,automation .... sap .... engineer .... developer
Mechanical Engineer,hr .... management .... sales .... automation .... database .... engineer .... manager
Operations Manager,hr .... recruitment .... management .... sales .... database .... manager
Advocate,....
Data Science,java .... python .... data science .... management .... database
Blockchain,jsp .... blockchain .... engineer .... developer
ETL Developer,java .... sql .... mysql .... hdfs .... aws .... hr .... management .... testing .... database .... developer
Java Developer,java .... spring .... hibernate .... jsp .... servlet .... sql .... mysql .... html .... css .... javascript .... testing .... database .... developer
Hadoop,java .... python .... sql .... mysql .... oracle .... hadoop .... spark .... hdfs .... hive .... aws .... linux .... testing .... database .... developer
Data Science,java .... python .... pandas .... numpy .... machine learning .... deep learning .... data science .... sql .... mysql .... docker .... html .... css .... javascript .... angular .... node .... database .... manager
PMO,hr .... recruitment .... management .... sap .... database .... manager
Civil Engineer,hr .... management .... testing .... engineer .... manager
Java Developer,java .... spring .... hibernate .... sql .... oracle .... database .... engineer .... developer
Civil Engineer,hr .... engineer
Testing,management .... testing .... engineer .... manager
Java Developer,java .... hibernate .... javascript .... developer
Testing,testing .... engineer
Advocate,....
Mechanical Engineer,hr .... engineer
Sales,management .... sales .... manager
Operations Manager,hr .... management .... manager
DevOps Engineer,java .... spring .... hibernate .... python .... sql .... mysql .... aws .... devops .... html .... css .... javascript .... engineer
Blockchain,java .... python .... sql .... mysql .... html .... css .... hr .... management .... sales .... blockchain .... database .... engineer .... developer
DotNet Developer,java .... sql .... html .... css .... javascript .... angular .... management .... developer
Hadoop,java .... sql .... mysql .... oracle .... hadoop .... spark .... hdfs .... hive .... linux .... html .... hr .... testing .... database .... developer .... manager
Electrical Engineering,testing .... engineer
Hadoop,java .... python .... sql .... oracle .... hadoop .... spark .... hdfs .... hive .... aws .... azure .... html .... css .... javascript .... database .... engineer .... developer
DevOps Engineer,java .... jsp .... servlet .... machine learning .... sql .... oracle .... aws .... azure .... devops .... html .... css .... javascript .... angular .... node .... hr .... management .... sales .... testing .... automation .... sap .... engineer .... analyst .... manager
Testing,java .... sql .... mysql .... html .... css .... management .... testing .... automation .... sap .... database .... engineer .... developer .... manager
Blockchain,sql .... mysql .... aws .... docker .... angular .... react .... node .... management .... blockchain .... database .... engineer
Web Designing,developer
Mechanical Engineer,hr .... management .... sales .... automation .... database .... engineer .... manager
Java Developer,java .... sql .... oracle .... linux .... database .... engineer .... developer
Java Developer,java .... sql .... mysql .... oracle .... html .... css .... testing .... database .... developer
DevOps Engineer,java .... devops .... linux .... management .... sales .... testing .... automation .... business analyst .... engineer .... developer .... analyst
Testing,management .... testing .... engineer
Electrical Engineering,engineer
Operations Manager,sql .... hr .... human resources .... management .... sales .... testing .... database .... engineer .... manager
Testing,testing .... engineer
Java Developer,java .... sql .... mysql .... oracle .... html .... css .... testing .... database .... developer
Database,sql .... mysql .... oracle .... linux .... recruitment .... management .... database
Blockchain,jsp .... blockchain .... engineer .... developer
Business Analyst,sales .... business analyst .... analyst .... manager
HR,hr
Health and fitness,management
DotNet Developer,sql .... html .... css .... angular .... management .... database .... developer
Testing,testing .... engineer
Sales,hr .... sales .... manager
Data Science,python .... machine learning .... aws
Operations Manager,hr .... management .... manager
DevOps Engineer,java .... devops .... linux .... management .... sales .... testing .... automation .... business analyst .... engineer .... developer .... analyst
Mechanical Engineer,engineer
Operations Manager,hr .... management .... sales .... testing .... automation .... sap .... database .... engineer .... manager
Electrical Engineering,hr .... management .... sales .... sap .... engineer
Java Developer,java .... spring .... hibernate .... sql .... linux .... angular .... management .... testing .... database .... engineer .... developer
Health and fitness,management
Data Science,python .... machine learning .... data science .... engineer
DevOps Engineer,java .... devops .... linux .... management .... sales .... testing .... automation .... business analyst .... engineer .... developer .... analyst
Health and fitness,....
Java Developer,java .... spring .... hibernate .... jsp .... servlet .... sql .... mysql .... html .... css .... javascript .... angular .... hr .... management .... sales .... database .... developer
Testing,java .... sql .... mysql .... html .... css .... management .... testing .... automation .... sap .... database .... engineer .... developer .... manager
Automation Testing,jsp .... servlet .... recruitment .... testing .... automation .... selenium .... engineer
Java Developer,java .... spring .... hibernate .... jsp .... servlet .... sql .... html .... css .... database .... developer
Mechanical Engineer,engineer
Sales,hr .... sales .... manager
Data Science,java .... python .... pandas .... numpy .... machine learning .... deep learning .... data science .... sql .... mysql .... docker .... html .... css .... javascript .... angular .... node .... database .... manager
Network Security Engineer,hr .... management .... engineer
Java Developer,java .... jsp .... sql .... oracle .... automation .... database .... engineer .... developer
Mechanical Engineer,engineer
Operations Manager,hr .... management .... sales .... testing .... automation .... sap .... database .... engineer .... manager
SAP Developer,spring .... testing .... sap .... developer
SAP Developer,spring .... testing .... sap .... developer
Java Developer,java .... hibernate .... javascript .... developer
Hadoop,java .... jsp .... python .... machine learning .... sql .... mysql .... oracle .... hadoop .... spark .... hdfs .... hive .... devops .... node .... hr .... management .... testing .... business analyst .... database .... engineer .... developer .... analyst
PMO,hr .... management .... sales .... engineer .... manager
Testing,engineer
Testing,management .... testing .... engineer
Sales,management .... sales .... manager
Health and fitness,hr .... management .... sales .... manager
Advocate,....
Python Developer,java .... python .... pandas .... numpy .... sql .... mysql .... html .... hr .... management .... developer .... analyst
Data Science,java .... python .... data science .... management .... database
Data Science,python .... machine learning .... data science .... html .... hr
HR,hr
Data Science,python .... machine learning .... aws
Sales,hr .... management .... sales .... manager
DevOps Engineer,python .... sql .... mysql .... oracle .... aws .... azure .... devops .... linux .... html .... hr .... testing .... automation .... database .... engineer
Automation Testing,jsp .... servlet .... recruitment .... testing .... automation .... selenium .... engineer
Data Science,java .... python .... machine learning .... deep learning .... data science .... sql .... mysql .... linux .... engineer
Java Developer,java .... spring .... hibernate .... jsp .... servlet .... sql .... mysql .... html .... css .... javascript .... angular .... hr .... management .... sales .... database .... developer
Blockchain,jsp .... blockchain .... engineer .... developer
Arts,hr .... management .... automation .... engineer
Java Developer,java .... jsp .... sql .... oracle .... automation .... database .... engineer .... developer
HR,hr .... engineer
Health and fitness,hr .... management .... sales .... manager
Java Developer,java .... spring .... hibernate .... jsp .... servlet .... sql .... mysql .... oracle .... management .... database .... developer
Sales,sales .... manager
Web Designing,java .... html .... css .... javascript .... angular .... management .... sales .... engineer .... developer
Operations Manager,sql .... hr .... human resources .... management .... sales .... testing .... database .... engineer .... manager
Network Security Engineer,management .... engineer
Database,sql .... oracle .... linux .... hr .... management .... database .... developer
ETL Developer,sql .... oracle .... hr .... management .... testing .... business analyst .... database .... developer .... analyst .... manager
Hadoop,java .... sql .... mysql .... oracle .... hadoop .... spark .... hdfs .... hive .... linux .... hr .... database .... developer
Blockchain,java .... machine learning .... data science .... angular .... react .... node .... hr .... sales .... blockchain .... engineer .... developer
Operations Manager,hr .... management .... manager
Blockchain,jsp .... blockchain .... engineer .... developer
Sales,sql .... sales .... manager
Health and fitness,hr .... management
Java Developer,java .... spring .... hibernate .... sql .... linux .... angular .... management .... testing .... database .... engineer .... developer
Operations Manager,hr .... recruitment .... management .... sales .... database .... manager
Database,python .... machine learning .... data science .... sql .... oracle .... linux .... hr .... database
Civil Engineer,hr .... management .... testing .... engineer .... manager
DevOps Engineer,python .... sql .... mysql .... oracle .... aws .... azure .... devops .... linux .... html .... hr .... testing .... automation .... database .... engineer
Civil Engineer,hr .... engineer
Civil Engineer,management .... engineer
Python Developer,java .... python .... numpy .... data science .... sql .... mysql .... html .... css .... angular .... hr .... testing .... database .... developer
Python Developer,python .... engineer .... developer
Testing,java .... linux .... testing .... automation .... selenium .... database .... engineer
Java Developer,java .... spring .... hibernate .... jsp .... servlet .... sql .... mysql .... html .... css .... javascript .... testing .... database .... developer
Advocate,aws .... management .... engineer
Sales,hr .... sales .... manager
Advocate,....
Web Designing,java .... sql .... mysql .... html .... css .... javascript .... hr .... management .... database .... engineer
Database,python .... machine learning .... data science .... sql .... oracle .... linux .... hr .... database
SAP Developer,sql .... management .... sales .... testing .... sap .... developer
Testing,management .... testing .... engineer
Python Developer,python .... engineer .... developer
Electrical Engineering,testing .... engineer
Blockchain,java .... python .... sql .... mysql .... html .... css .... hr .... management .... sales .... blockchain .... database .... engineer .... developer
Web Designing,java .... sql .... mysql .... html .... css .... javascript .... hr .... management .... database .... engineer
PMO,hr .... management .... automation .... analyst .... manager
Hadoop,java .... sql .... mysql .... oracle .... hadoop .... spark .... hdfs .... hive .... linux .... html .... hr .... testing .... database .... developer .... manager
PMO,hr .... management .... automation .... analyst .... manager
Sales,hr .... sales .... manager
Sales,sales .... manager
Civil Engineer,management .... engineer
DotNet Developer,java .... sql .... html .... css .... javascript .... management .... testing .... automation .... database .... developer .... manager
Hadoop,sql .... hadoop .... spark .... hdfs .... hive .... linux .... node .... database .... engineer .... developer
Automation Testing,jsp .... servlet .... recruitment .... testing .... automation .... selenium .... engineer
Network Security Engineer,management .... engineer
Java Developer,java .... spring .... hibernate .... sql .... oracle .... database .... engineer .... developer
Java Developer,java .... spring .... hibernate .... jsp .... servlet .... sql .... mysql .... oracle .... azure .... linux .... html .... javascript .... angular .... sap .... database .... engineer .... developer
DevOps Engineer,python .... sql .... mysql .... oracle .... aws .... azure .... devops .... linux .... html .... hr .... testing .... automation .... database .... engineer
DotNet Developer,developer
Operations Manager,hr .... management .... manager
Java Developer,java .... spring .... hibernate .... jsp .... servlet .... sql .... html .... css .... database .... developer
Testing,java .... linux .... testing .... automation .... selenium .... database .... engineer
Java Developer,java .... spring .... hibernate .... jsp .... servlet .... javascript .... developer
Database,sql .... oracle .... hive .... linux .... node .... management .... sap .... database .... engineer .... developer
DevOps Engineer,python .... sql .... mysql .... oracle .... aws .... azure .... devops .... linux .... html .... hr .... testing .... automation .... database .... engineer
Sales,hr .... management .... sales .... manager
Sales,hr .... sales .... manager
Java Developer,java .... spring .... hibernate .... jsp .... servlet .... sql .... mysql .... oracle .... azure .... linux .... html .... javascript .... angular .... sap .... database .... engineer .... developer
Testing,java .... linux .... testing .... automation .... selenium .... database .... engineer
Blockchain,sql .... mysql .... aws .... docker .... angular .... react .... node .... management .... blockchain .... database .... engineer
Mechanical Engineer,hr .... management .... sales .... automation .... database .... engineer .... manager
ETL Developer,sql .... oracle .... hr .... management .... testing .... business analyst .... database .... developer .... analyst .... manager
Database,java .... sql .... oracle .... azure .... hr .... management .... automation .... database .... manager
Electrical Engineering,testing .... engineer
Arts,....
DevOps Engineer,java .... spring .... hibernate .... python .... sql .... mysql .... aws .... devops .... html .... css .... javascript .... engineer
Operations Manager,hr .... management .... sales .... testing .... automation .... sap .... database .... engineer .... manager
HR,hr .... engineer
PMO,hr .... recruitment .... management .... sap .... database .... manager
HR,hr .... engineer
Blockchain,sql .... mysql .... aws .... docker .... angular .... react .... node .... management .... blockchain .... database .... engineer
Electrical Engineering,hr .... management .... sales .... sap .... engineer
Data Science,python .... machine learning .... aws
DevOps Engineer,java .... spring .... hibernate .... python .... sql .... mysql .... aws .... devops .... html .... css .... javascript .... engineer
Java Developer,java .... javascript .... developer
Network Security Engineer,hr .... management .... engineer
ETL Developer,sql .... hr .... management .... engineer .... developer .... analyst
HR,hr .... recruitment .... management .... sales .... developer
DevOps Engineer,python .... sql .... mysql .... oracle .... aws .... azure .... devops .... linux .... html .... hr .... testing .... automation .... database .... engineer
Testing,engineer
Database,sql .... oracle .... hive .... linux .... hr .... management .... sales .... testing .... database .... developer .... manager
Java Developer,java .... spring .... hibernate .... jsp .... servlet .... sql .... html .... css .... database .... developer
Hadoop,java .... python .... sql .... oracle .... hadoop .... spark .... hdfs .... hive .... aws .... azure .... html .... css .... javascript .... database .... engineer .... developer
Python Developer,python .... numpy .... tensorflow .... sql .... mysql .... database .... engineer .... developer
Business Analyst,sales .... business analyst .... analyst .... manager
Advocate,....
Data Science,python .... machine learning .... aws
Blockchain,java .... spring .... hibernate .... sql .... mysql .... oracle .... html .... css .... javascript .... angular .... react .... node .... management .... blockchain .... database .... engineer .... developer
PMO,hr .... recruitment .... management .... sap .... database .... manager
HR,hr .... management .... database
Mechanical Engineer,engineer
ETL Developer,sql .... oracle .... hr .... management .... testing .... business analyst .... database .... developer .... analyst .... manager
Database,sql .... oracle .... linux .... hr .... management .... database .... developer
Testing,management .... testing .... engineer
Java Developer,java .... spring .... hibernate .... jsp .... servlet .... sql .... mysql .... html .... css .... javascript .... testing .... database .... developer
Hadoop,java .... sql .... mysql .... oracle .... hadoop .... spark .... hdfs .... hive .... linux .... html .... hr .... testing .... database .... developer .... manager
Java Developer,java .... spring .... hibernate .... jsp .... servlet .... sql .... mysql .... oracle .... management .... database .... developer
Python Developer,java .... python .... numpy .... data science .... sql .... mysql .... html .... css .... angular .... hr .... testing .... database .... developer
HR,hr
Mechanical Engineer,engineer
DevOps Engineer,python .... sql .... mysql .... oracle .... aws .... azure .... devops .... linux .... html .... hr .... testing .... automation .... database .... engineer
Web Designing,developer
DotNet Developer,java .... sql .... html .... css .... javascript .... angular .... management .... developer
Automation Testing,java .... python .... sql .... mysql .... oracle .... linux .... html .... javascript .... hr .... management .... testing .... automation .... selenium .... business analyst .... database .... engineer .... developer .... analyst
Health and fitness,....
Web Designing,java .... html .... css .... javascript .... angular .... management .... sales .... engineer .... developer
ETL Developer,sql .... hr .... management .... engineer .... developer .... analyst
Network Security Engineer,oracle .... linux .... hr .... management .... engineer .... manager
PMO,hr .... recruitment .... management .... sap .... database .... manager
Health and fitness,hr .... management
Mechanical Engineer,engineer
Hadoop,python .... sql .... hadoop .... spark .... hdfs .... hive .... html .... node .... management .... testing .... database .... engineer .... developer .... manager
Testing,management .... testing .... engineer .... manager
HR,hr
Testing,java .... sql .... mysql .... html .... css .... management .... testing .... automation .... sap .... database .... engineer .... developer .... manager
Blockchain,jsp .... blockchain .... engineer .... developer
Java Developer,java .... sql .... oracle .... linux .... database .... engineer .... developer
Arts,....
Mechanical Engineer,engineer
Blockchain,java .... spring .... hibernate .... sql .... mysql .... oracle .... html .... css .... javascript .... angular .... react .... node .... management .... blockchain .... database .... engineer .... developer
Electrical Engineering,management .... testing .... automation .... engineer
Web Designing,java .... html .... css .... javascript .... angular .... management .... sales .... engineer .... developer
Testing,engineer
Testing,management .... testing .... engineer
HR,java .... hr .... management .... database .... engineer
DevOps Engineer,java .... devops .... linux .... management .... sales .... testing .... automation .... business analyst .... engineer .... developer .... analyst
Mechanical Engineer,engineer
ETL Developer,sql .... engineer .... developer
DotNet Developer,java .... sql .... html .... javascript .... angular .... hr .... management .... testing .... database .... developer .... manager
Hadoop,java .... python .... sql .... oracle .... hadoop .... spark .... hdfs .... hive .... aws .... azure .... html .... css .... javascript .... database .... engineer .... developer
ETL Developer,sql .... oracle .... management .... testing .... automation .... engineer .... developer
Sales,management .... sales .... manager
Java Developer,java .... spring .... hibernate .... jsp .... servlet .... sql .... mysql .... html .... css .... javascript .... angular .... hr .... management .... sales .... database .... developer
Java Developer,java .... spring .... hibernate .... jsp .... servlet .... sql .... mysql .... oracle .... azure .... linux .... html .... javascript .... angular .... sap .... database .... engineer .... developer
Python Developer,python .... numpy .... sql .... mysql .... spark .... html .... testing .... database .... engineer .... developer
Java Developer,java .... sql .... oracle .... linux .... database .... engineer .... developer
ETL Developer,sql .... oracle .... management .... testing .... automation .... engineer .... developer
Python Developer,java .... python .... pandas .... numpy .... sql .... mysql .... html .... hr .... management .... developer .... analyst
Python Developer,python .... numpy .... sql .... mysql .... spark .... html .... testing .... database .... engineer .... developer
Java Developer,java .... spring .... hibernate .... sql .... linux .... angular .... management .... testing .... database .... engineer .... developer
PMO,hr .... management .... sales .... engineer .... manager
Arts,....
Blockchain,java .... machine learning .... data science .... angular .... react .... node .... hr .... sales .... blockchain .... engineer .... developer
Data Science,python .... machine learning .... data science .... hadoop .... spark .... hive .... aws .... selenium .... database
Arts,hr .... management .... automation .... engineer
HR,hr
Python Developer,python .... numpy .... sql .... mysql .... spark .... html .... testing .... database .... engineer .... developer
Testing,engineer
Sales,sql .... sales .... manager
Java Developer,java .... spring .... hibernate .... sql .... linux .... angular .... management .... testing .... database .... engineer .... developer
Database,sql .... oracle .... hive .... linux .... node .... management .... sap .... database .... engineer .... developer
Hadoop,java .... sql .... mysql .... oracle .... hadoop .... spark .... hdfs .... hive .... linux .... html .... hr .... testing .... database .... developer .... manager
Sales,sales .... manager
Business Analyst,sql .... hr .... management .... sales .... testing .... automation .... business analyst .... database .... engineer .... developer .... analyst .... manager
Electrical Engineering,engineer
DevOps Engineer,java .... spring .... hibernate .... python .... sql .... mysql .... aws .... devops .... html .... css .... javascript .... engineer
Python Developer,java .... python .... pandas .... numpy .... sql .... mysql .... html .... hr .... management .... developer .... analyst
Python Developer,python .... numpy .... tensorflow .... sql .... mysql .... database .... engineer .... developer
Hadoop,python .... sql .... hadoop .... spark .... hdfs .... hive .... html .... node .... management .... testing .... database .... engineer .... developer .... manager
DevOps Engineer,python .... sql .... mysql .... oracle .... aws .... azure .... devops .... linux .... html .... hr .... testing .... automation .... database .... engineer
Python Developer,java .... python .... numpy .... data science .... sql .... mysql .... html .... css .... angular .... hr .... testing .... database .... developer
DevOps Engineer,java .... devops .... linux .... management .... sales .... testing .... automation .... business analyst .... engineer .... developer .... analyst
Hadoop,java .... sql .... mysql .... oracle .... hadoop .... spark .... hdfs .... hive .... linux .... html .... hr .... testing .... database .... developer .... manager
Automation Testing,java .... spring .... machine learning .... sql .... html .... javascript .... management .... sales .... testing .... automation .... selenium .... database .... engineer .... developer
Data Science,java .... python .... data science .... management .... database
PMO,hr .... management .... sales .... engineer .... manager
Health and fitness,....
Mechanical Engineer,engineer
Python Developer,python .... sql .... mysql .... oracle .... html .... css .... management .... testing .... database .... developer
DevOps Engineer,python .... sql .... mysql .... oracle .... aws .... azure .... devops .... linux .... html .... hr .... testing .... automation .... database .... engineer
ETL Developer,sql .... oracle .... hr .... management .... testing .... business analyst .... database .... developer .... analyst .... manager
DotNet Developer,sql .... html .... css .... angular .... management .... database .... developer
Health and fitness,....
Python Developer,java .... python .... pandas .... numpy .... sql .... mysql .... html .... hr .... management .... developer .... analyst
Business Analyst,java .... html .... management .... business analyst .... analyst
Automation Testing,java .... sql .... oracle .... management .... testing .... automation .... selenium .... database
Hadoop,sql .... hadoop .... spark .... hdfs .... hive .... linux .... node .... database .... engineer .... developer
Sales,sql .... sales .... manager
Web Designing,java .... sql .... mysql .... html .... css .... javascript .... hr .... management .... database .... engineer
Health and fitness,management
Network Security Engineer,management .... engineer
Operations Manager,hr .... recruitment .... management .... sales .... database .... manager
Blockchain,java .... machine learning .... data science .... angular .... react .... node .... hr .... sales .... blockchain .... engineer .... developer
SAP Developer,automation .... sap .... engineer .... developer
Python Developer,python .... sql .... mysql .... oracle .... html .... css .... management .... testing .... database .... developer
Database,sql .... oracle .... linux .... hr .... management .... database .... developer
Operations Manager,hr .... management .... sales .... testing .... automation .... sap .... database .... engineer .... manager
Arts,hr .... recruitment .... management .... manager
DevOps Engineer,java .... devops .... linux .... management .... sales .... testing .... automation .... business analyst .... engineer .... developer .... analyst
Network Security Engineer,management .... engineer
Sales,sales .... manager
DotNet Developer,developer
Sales,hr .... management .... sales .... manager
HR,hr .... engineer
Advocate,....
Testing,testing .... engineer
Sales,hr .... sales .... manager
Business Analyst,java .... linux .... html .... javascript .... hr .... management .... sales .... testing .... business analyst .... developer .... analyst
Business Analyst,java .... html .... management .... business analyst .... analyst
Arts,....
Blockchain,sql .... mysql .... aws .... docker .... angular .... react .... node .... management .... blockchain .... database .... engineer
Network Security Engineer,management .... engineer
Operations Manager,hr .... recruitment .... management .... sales .... database .... manager
SAP Developer,sql .... sap .... developer
SAP Developer,hr .... management .... sales .... sap .... developer .... analyst
Python Developer,python .... engineer .... developer
Operations Manager,hr .... recruitment .... management .... sales .... database .... manager
Arts,....
PMO,hr .... management .... automation .... analyst .... manager
Java Developer,java .... spring .... hibernate .... jsp .... servlet .... sql .... mysql .... html .... css .... javascript .... testing .... database .... developer
Arts,....
Testing,testing .... engineer
SAP Developer,sql .... sap .... developer
Database,sql .... hr .... management .... database
Python Developer,python .... numpy .... tensorflow .... sql .... mysql .... database .... engineer .... developer
Civil Engineer,hr .... engineer
Operations Manager,hr .... management .... sales .... testing .... automation .... sap .... database .... engineer .... manager
SAP Developer,java .... python .... sql .... oracle .... hr .... testing .... sap .... database .... engineer .... developer .... manager
Data Science,python .... pandas .... numpy .... machine learning .... deep learning .... data science .... sql .... mysql .... html .... css .... selenium .... engineer
Testing,testing .... engineer
Blockchain,java .... python .... sql .... mysql .... html .... css .... hr .... management .... sales .... blockchain .... database .... engineer .... developer
Health and fitness,hr .... management .... sales .... manager
Automation Testing,html .... hr .... management .... sales .... testing .... automation .... selenium .... database .... engineer .... developer
Electrical Engineering,hr .... management .... sales .... sap .... engineer
Web Designing,java .... html .... css .... javascript .... angular .... management .... sales .... engineer .... developer
Hadoop,sql .... hadoop .... spark .... hdfs .... hive .... linux .... node .... database .... engineer .... developer
DevOps Engineer,python .... sql .... mysql .... oracle .... aws .... azure .... devops .... linux .... html .... hr .... testing .... automation .... database .... engineer
Electrical Engineering,engineer
Network Security Engineer,management .... engineer
SAP Developer,sql .... management .... sales .... testing .... sap .... developer
DevOps Engineer,java .... devops .... linux .... management .... sales .... testing .... automation .... business analyst .... engineer .... developer .... analyst
ETL Developer,sql .... oracle .... management .... testing .... automation .... engineer .... developer
Network Security Engineer,hr .... management .... engineer
DotNet Developer,java .... sql .... html .... css .... javascript .... angular .... management .... developer
Health and fitness,hr .... management .... sales .... manager
Electrical Engineering,management .... engineer
Automation Testing,hr .... testing .... automation .... selenium .... engineer .... developer
Business Analyst,java .... html .... management .... business analyst .... analyst
HR,hr .... engineer
Sales,sales .... manager
Testing,management .... testing .... engineer
Arts,hr .... recruitment .... management .... manager
DevOps Engineer,python .... sql .... mysql .... oracle .... aws .... azure .... devops .... linux .... html .... hr .... testing .... automation .... database .... engineer
Sales,management .... sales .... manager
Mechanical Engineer,hr .... engineer
Data Science,java .... python .... pandas .... numpy .... tensorflow .... machine learning .... deep learning .... data science .... sql .... mysql .... oracle .... linux .... hr .... automation .... database .... engineer
Advocate,....
Blockchain,java .... machine learning .... data science .... angular .... react .... node .... hr .... sales .... blockchain .... engineer .... developer
Web Designing,java .... html .... css .... javascript .... angular .... management .... sales .... engineer .... developer
Java Developer,java .... sql .... oracle .... linux .... database .... engineer .... developer
Java Developer,java .... spring .... hibernate .... jsp .... servlet .... sql .... mysql .... oracle .... azure .... linux .... html .... javascript .... angular .... sap .... database .... engineer .... developer
Java Developer,java .... spring .... hibernate .... jsp .... servlet .... javascript .... developer
Blockchain,java .... machine learning .... data science .... angular .... react .... node .... hr .... sales .... blockchain .... engineer .... developer
Business Analyst,java .... html .... management .... business analyst .... analyst
Java Developer,java .... spring .... hibernate .... sql .... linux .... angular .... management .... testing .... database .... engineer .... developer
Java Developer,java .... jsp .... sql .... oracle .... automation .... database .... engineer .... developer
Electrical Engineering,engineer
Operations Manager,hr .... management .... manager
Testing,management .... testing .... engineer
Advocate,....
DevOps Engineer,java .... spring .... hibernate .... python .... sql .... mysql .... aws .... devops .... html .... css .... javascript .... engineer
Testing,java .... sql .... mysql .... html .... css .... management .... testing .... automation .... sap .... database .... engineer .... developer .... manager
ETL Developer,sql .... oracle .... management .... testing .... automation .... engineer .... developer
Data Science,python .... machine learning .... data science .... engineer
Data Science,python .... pandas .... numpy .... machine learning .... deep learning .... data science .... sql .... mysql .... html .... css .... selenium .... engineer
Sales,sql .... sales .... manager
Data Science,python .... machine learning .... data science .... html .... hr
Civil Engineer,hr .... management .... engineer
Testing,management .... testing .... engineer
Blockchain,jsp .... blockchain .... engineer .... developer
Operations Manager,sql .... hr .... human resources .... management .... sales .... testing .... database .... engineer .... manager
Health and fitness,....
Web Designing,java .... html .... css .... javascript .... angular .... management .... sales .... engineer .... developer
Business Analyst,sql .... hr .... management .... sales .... testing .... automation .... business analyst .... database .... engineer .... developer .... analyst .... manager
DotNet Developer,java .... sql .... html .... css .... javascript .... database .... developer
Data Science,java .... python .... pandas .... numpy .... machine learning .... deep learning .... data science .... sql .... mysql .... docker .... html .... css .... javascript .... angular .... node .... database .... manager
Hadoop,java .... python .... sql .... mysql .... oracle .... hadoop .... spark .... hdfs .... hive .... aws .... linux .... testing .... database .... developer
Hadoop,sql .... hadoop .... spark .... hdfs .... hive .... linux .... node .... database .... engineer .... developer
Data Science,java .... python .... machine learning .... deep learning .... data science .... sql .... mysql .... linux .... engineer
Arts,hr .... recruitment .... management .... manager
Python Developer,python .... numpy .... sql .... mysql .... spark .... html .... testing .... database .... engineer .... developer
Python Developer,java .... python .... pandas .... numpy .... sql .... mysql .... html .... hr .... management .... developer .... analyst
HR,hr
Sales,sales .... manager
Hadoop,java .... sql .... mysql .... oracle .... hadoop .... spark .... hdfs .... hive .... linux .... hr .... database .... developer
Operations Manager,hr .... recruitment .... management .... sales .... database .... manager
Java Developer,java .... spring .... hibernate .... jsp .... servlet .... sql .... mysql .... oracle .... azure .... linux .... html .... javascript .... angular .... sap .... database .... engineer .... developer
Data Science,python .... machine learning .... deep learning .... data science .... sql .... hr .... management .... sales .... testing .... sap .... database .... engineer .... developer
ETL Developer,sql .... hr .... management .... engineer .... developer .... analyst
Web Designing,developer
Java Developer,java .... spring .... hibernate .... sql .... oracle .... database .... engineer .... developer
Testing,management .... testing .... engineer
SAP Developer,spring .... testing .... sap .... developer
Civil Engineer,hr .... engineer
Electrical Engineering,management .... testing .... automation .... engineer
Blockchain,java .... machine learning .... data science .... angular .... react .... node .... hr .... sales .... blockchain .... engineer .... developer
Database,sql .... mysql .... linux .... management .... database
Sales,sql .... sales .... manager
SAP Developer,sql .... management .... sales .... testing .... sap .... developer
Arts,....
Java Developer,java .... spring .... hibernate .... jsp .... servlet .... javascript .... developer
DevOps Engineer,java .... spring .... hibernate .... python .... sql .... mysql .... aws .... devops .... html .... css .... javascript .... engineer
DotNet Developer,java .... sql .... html .... css .... javascript .... developer
Blockchain,sql .... mysql .... aws .... docker .... angular .... react .... node .... management .... blockchain .... database .... engineer
Database,sql .... hr .... management .... database
HR,java .... hr .... management .... database .... engineer
DevOps Engineer,python .... sql .... mysql .... oracle .... aws .... azure .... devops .... linux .... html .... hr .... testing .... automation .... database .... engineer
PMO,hr .... management .... automation .... analyst .... manager
Java Developer,java .... spring .... hibernate .... jsp .... servlet .... sql .... mysql .... oracle .... azure .... linux .... html .... javascript .... angular .... sap .... database .... engineer .... developer
Network Security Engineer,management .... engineer
Testing,management .... testing .... engineer
Testing,management .... testing .... engineer .... manager
Civil Engineer,hr .... management .... engineer
Python Developer,java .... python .... pandas .... numpy .... sql .... mysql .... html .... hr .... management .... developer .... analyst
Python Developer,python .... numpy .... tensorflow .... sql .... mysql .... database .... engineer .... developer
Java Developer,java .... spring .... hibernate .... jsp .... servlet .... javascript .... developer
HR,hr
Blockchain,java .... python .... sql .... mysql .... html .... css .... hr .... management .... sales .... blockchain .... database .... engineer .... developer
DevOps Engineer,java .... devops .... linux .... management .... sales .... testing .... automation .... business analyst .... engineer .... developer .... analyst
Java Developer,java .... spring .... hibernate .... jsp .... servlet .... sql .... mysql .... oracle .... azure .... linux .... html .... javascript .... angular .... sap .... database .... engineer .... developer
Data Science,python .... pandas .... numpy .... machine learning .... deep learning .... data science .... sql .... mysql .... html .... css .... selenium .... engineer
Data Science,python .... machine learning .... data science .... html .... hr
Python Developer,python .... numpy .... tensorflow .... sql .... mysql .... database .... engineer .... developer
Java Developer,java .... javascript .... developer
Testing,java .... linux .... testing .... automation .... selenium .... database .... engineer
PMO,hr .... management .... automation .... analyst .... manager
Mechanical Engineer,hr .... engineer
DevOps Engineer,java .... spring .... hibernate .... python .... sql .... mysql .... aws .... devops .... html .... css .... javascript .... engineer
Health and fitness,....
Network Security Engineer,python .... management .... engineer .... analyst .... manager
Database,sql .... oracle .... hive .... linux .... management .... database .... engineer .... developer
ETL Developer,sql .... hr .... management .... engineer .... developer .... analyst
DevOps Engineer,java .... devops .... linux .... management .... sales .... testing .... automation .... business analyst .... engineer .... developer .... analyst
